ispb,compe,participates_in_compe,name
00000000,001,1,BCO DO BRASIL S.A.
04902979,003,1,BCO DA AMAZONIA S.A.
07237373,004,1,BCO DO NORDESTE DO BRASIL S.A.
33657248,007,0,BNDES
81723108,010,1,CREDICOAMO
61809182,011,0,C.SUISSE HEDGING-GRIFFO CV S/A
04866275,012,0,BANCO INBURSA
09274232,014,0,STATE STREET BR S.A. BCO COMERCIAL
02819125,015,0,UBS BRASIL CCTVM S.A.
04715685,016,0,CCM DESP TRÂNS SC E RS
42272526,017,1,BNY MELLON BCO S.A.
57839805,018,1,BCO TRICURY S.A.
28127603,021,1,BCO BANESTES S.A.
10866788,024,0,BCO BANDEPE S.A.
03323840,025,1,BCO ALFA S.A.
33885724,029,0,BANCO ITAÚ CONSIGNADO S.A.
90400888,033,1,BCO SANTANDER (BRASIL) S.A.
06271464,036,1,BCO BBI S.A.
04913711,037,1,BCO DO EST. DO PA S.A.
03609817,040,0,BCO CARGILL S.A.
92702067,041,1,BCO DO ESTADO DO RS S.A.
13009717,047,1,BCO DO EST. DE SE S.A.
04913129,060,0,CONFIDENCE CC S.A.
03012230,062,1,HIPERCARD BM S.A.
04184779,063,1,BANCO BRADESCARD
04332281,064,0,GOLDMAN SACHS DO BRASIL BM S.A
48795256,065,1,BCO ANDBANK S.A.
02801938,066,0,BCO MORGAN STANLEY S.A.
61033106,069,1,BCO CREFISA S.A.
00000208,070,1,BRB - BCO DE BRASILIA S.A.
03017677,074,1,BCO. J.SAFRA S.A.
03532415,075,0,BCO ABN AMRO S.A.
07656500,076,0,BCO KDB BRASIL S.A.
00416968,077,1,BANCO INTER
34111187,078,0,HAITONG BI DO BRASIL S.A.
09516419,079,0,PICPAY BANK - BANCO MÚLTIPLO S.A
73622748,080,0,B&T CC LTDA.
10264663,081,0,BANCOSEGURO S.A.
07679404,082,0,BANCO TOPÁZIO S.A.
10690848,083,1,BCO DA CHINA BRASIL S.A.
02398976,084,1,SISPRIME DO BRASIL - COOP
05463212,085,1,COOPCENTRAL AILOS
11476673,088,0,BANCO RANDON S.A.
62109566,089,1,CREDISAN CC
07945233,093,0,POLOCRED SCMEPP LTDA.
11758741,094,0,BANCO FINAXIS
11703662,095,0,TRAVELEX BANCO DE CÂMBIO S.A.
00997185,096,0,BCO B3 S.A.
04632856,097,1,CREDISIS CENTRAL DE COOPERATIVAS DE CRÉDITO LTDA.
78157146,098,1,CREDIALIANÇA CCR
03046391,099,1,UNIPRIME COOPCENTRAL LTDA.
00806535,100,0,PLANNER CV S.A.
62287735,101,0,RENASCENCA DTVM LTDA
02332886,102,0,XP INVESTIMENTOS CCTVM S/A
00360305,104,1,CAIXA ECONOMICA FEDERAL
07652226,105,0,LECCA CFI S.A.
15114366,107,1,BCO BOCOM BBM S.A.
36113876,111,0,OLIVEIRA TRUST DTVM S.A.
61723847,113,0,NEON CTVM S.A.
05790149,114,1,CENTRAL COOPERATIVA DE CRÉDITO NO ESTADO DO ESPÍRITO SANTO
92856905,117,0,ADVANCED CC LTDA
13720915,119,0,BCO WESTERN UNION
33603457,120,1,BCO RODOBENS S.A.
10664513,121,0,BCO AGIBANK S.A.
33147315,122,1,BCO BRADESCO BERJ S.A.
15357060,124,1,BCO WOORI BANK DO BRASIL S.A.
45246410,125,1,BANCO GENIAL
13220493,126,0,BR PARTNERS BI
09512542,127,0,CODEPE CVC S.A.
19307785,128,0,BRAZA BANK S.A. BCO DE CÂMBIO
18520834,129,0,UBS BRASIL BI S.A.
09313766,130,0,CARUANA SCFI
61747085,131,0,TULLETT PREBON BRASIL CVC LTDA
17453575,132,0,ICBC DO BRASIL BM S.A.
10398952,133,1,CRESOL CONFEDERAÇÃO
33862244,134,0,BGC LIQUIDEZ DTVM LTDA
00315557,136,1,CONF NAC COOP CENTRAIS UNICRED
10853017,138,0,GET MONEY CC LTDA
55230916,139,0,INTESA SANPAOLO BRASIL S.A. BM
62169875,140,0,NU INVEST CORRETORA DE VALORES S.A.
09526594,141,0,MASTER BI S.A.
16944141,142,0,BROKER BRASIL CC LTDA.
02992317,143,0,TREVISO CC S.A.
13059145,144,0,BEXS BCO DE CAMBIO S.A.
50579044,145,0,LEVYCAM CCV LTDA
24074692,146,0,GUITTA CC LTDA
15581638,149,0,FACTA S.A. CFI
09105360,157,0,ICAP DO BRASIL CTVM LTDA.
05442029,159,0,CASA CREDITO S.A. SCM
13486793,173,0,BRL TRUST DTVM SA
43180355,174,0,PEFISA S.A. - C.F.I.
65913436,177,0,GUIDE
02685483,180,0,CM CAPITAL MARKETS CCTVM LTDA
09210106,183,0,SOCRED SA - SCMEPP
17298092,184,0,BCO ITAÚ BBA S.A.
33775974,188,0,ATIVA S.A. INVESTIMENTOS CCTVM
07512441,189,0,HS FINANCEIRA
03973814,190,0,SERVICOOP
04257795,191,0,NOVA FUTURA CTVM LTDA.
20155248,194,0,PARMETAL DTVM LTDA
07799277,195,0,VALOR SCD S.A.
32648370,196,0,FAIR CC S.A.
16501555,197,0,STONE IP S.A.
30306294,208,1,BANCO BTG PACTUAL S.A.
92894922,212,1,BANCO ORIGINAL
54403563,213,1,BCO ARBI S.A.
91884981,217,1,BANCO JOHN DEERE S.A.
71027866,218,1,BCO BS2 S.A.
75647891,222,1,BCO CRÉDIT AGRICOLE BR S.A.
58616418,224,1,BCO FIBRA S.A.
62421979,233,0,BANCO CIFRA
60746948,237,1,BCO BRADESCO S.A.
31597552,241,1,BCO CLASSICO S.A.
33923798,243,1,BANCO MASTER
28195667,246,1,BCO ABC BRASIL S.A.
61182408,249,1,BANCO INVESTCRED UNIBANCO S.A.
52937216,253,0,BEXS CC S.A.
14388334,254,1,PARANA BCO S.A.
08609934,259,0,MONEYCORP BCO DE CÂMBIO S.A.
18236120,260,0,NU PAGAMENTOS - IP
33644196,265,1,BCO FATOR S.A.
33132044,266,1,BCO CEDULA S.A.
14511781,268,0,BARI CIA HIPOTECÁRIA
53518684,269,0,BCO HSBC S.A.
61444949,270,0,SAGITUR CC
27842177,271,0,IB CCTVM S.A.
00250699,272,0,AGK CC S.A.
08253539,273,0,CCR DE SÃO MIGUEL DO OESTE
11581339,274,0,BMP SCMEPP LTDA
11970623,276,0,BCO SENFF S.A.
27652684,278,0,GENIAL INVESTIMENTOS CVM S.A.
26563270,279,1,COOP DE PRIMAVERA DO LESTE
23862762,280,0,WILL FINANCEIRA S.A.CFI
76461557,281,1,CCR COOPAVEL
89960090,283,0,RB INVESTIMENTOS DTVM LTDA.
71677850,285,0,FRENTE CC S.A.
62237649,288,0,CAROL DTVM LTDA.
94968518,289,0,EFX CC LTDA.
08561701,290,0,PAGSEGURO INTERNET IP S.A.
28650236,292,0,BS2 DTVM S.A.
71590442,293,0,LASTRO RDV DTVM LTDA
04062902,296,0,OZ CORRETORA DE CÂMBIO S.A.
17772370,298,0,VIPS CC LTDA.
04814563,299,0,BCO AFINZ S.A. - BM
33042151,300,1,BCO LA NACION ARGENTINA
13370835,301,0,DOCK IP S.A.
40303299,306,0,PORTOPAR DTVM LTDA
03751794,307,0,TERRA INVESTIMENTOS DTVM
14190547,309,0,CAMBIONET CC LTDA
22610500,310,0,VORTX DTVM LTDA.
76641497,311,0,DOURADA CORRETORA
07693858,312,0,HSCM SCMEPP LTDA.
16927221,313,0,AMAZÔNIA CC LTDA.
61186680,318,1,BCO BMG S.A.
11495073,319,0,OM DTVM LTDA
07450604,320,1,BCO CCB BRASIL S.A.
18188384,321,0,CREFAZ SCMEPP LTDA
01073966,322,1,CCR DE ABELARDO LUZ
10573521,323,0,MERCADO PAGO IP LTDA.
21332862,324,0,CARTOS SCD S.A.
13293225,325,0,ÓRAMA DTVM S.A.
03311443,326,0,PARATI - CFI S.A.
05841967,328,0,CECM FABRIC CALÇADOS SAPIRANGA
32402502,329,0,QI SCD S.A.
00556603,330,0,BANCO BARI S.A.
13673855,331,0,FRAM CAPITAL DTVM S.A.
13140088,332,0,ACESSO SOLUÇÕES DE PAGAMENTO S.A. - INSTITUIÇÃO DE PAGAMENTO
15124464,334,0,BANCO BESA S.A.
27098060,335,0,BANCO DIGIO
31872495,336,0,BCO C6 S.A.
09554480,340,0,SUPERDIGITAL I.P. S.A.
60701190,341,1,ITAÚ UNIBANCO S.A.
32997490,342,0,CREDITAS SCD
24537861,343,0,FFA SCMEPP LTDA.
33264668,348,0,BCO XP S.A.
27214112,349,0,AL5 S.A. CFI
01330387,350,0,CREHNOR LARANJEIRAS
29162769,352,0,TORO CTVM S.A.
34335592,355,0,ÓTIMO SCD S.A.
09464032,358,0,MIDWAY S.A. - SCFI
05351887,359,0,ZEMA CFI S/A
02276653,360,0,TRINUS CAPITAL DTVM
01027058,362,0,CIELO IP S.A.
62285390,363,0,SINGULARE CTVM S.A.
09089356,364,0,EFÍ S.A. - IP
68757681,365,0,SIMPAUL
61533584,366,1,BCO SOCIETE GENERALE BRASIL
34711571,367,0,VITREO DTVM S.A.
08357240,368,0,BCO CSF S.A.
61088183,370,0,BCO MIZUHO S.A.
92875780,371,0,WARREN CVMC LTDA
35977097,373,0,UP.P SEP S.A.
27351731,374,0,REALIZE CFI S.A.
33172537,376,1,BCO J.P. MORGAN S.A.
17826860,377,0,BMS SCD S.A.
01852137,378,0,BCO BRASILEIRO DE CRÉDITO S.A.
01658426,379,0,CECM COOPERFORTE
22896431,380,0,PICPAY
60814191,381,0,BCO MERCEDES-BENZ S.A.
04307598,382,0,FIDUCIA SCMEPP LTDA
21018182,383,0,EBANX IP LTDA.
11165756,384,0,GLOBAL SCM LTDA
03844699,385,0,CECM DOS TRAB.PORT. DA G.VITOR
30680829,386,0,NU FINANCEIRA S.A. CFI
03215790,387,0,BCO TOYOTA DO BRASIL S.A.
17184037,389,1,BCO MERCANTIL DO BRASIL S.A.
59274605,390,0,BCO GM S.A.
08240446,391,0,CCR DE IBIAM
59109165,393,0,BCO VOLKSWAGEN S.A
07207996,394,1,BCO BRADESCO FINANC. S.A.
08673569,395,0,F D GOLD DTVM LTDA
13884775,396,0,HUB IP S.A.
34088029,397,0,LISTO SCD S.A.
31749596,398,0,IDEAL CTVM S.A.
01701201,399,0,KIRTON BANK
05491616,400,0,COOP CREDITAG
15111975,401,0,IUGU IP S.A.
36947229,402,0,COBUCCIO S.A. SCFI
37880206,403,0,CORA SCD S.A.
37241230,404,0,SUMUP SCD S.A.
37715993,406,0,ACCREDITO SCD S.A.
00329598,407,0,ÍNDIGO INVESTIMENTOS DTVM LTDA.
36586946,408,0,BONUSPAGO SCD S.A.
05684234,410,0,PLANNER SOCIEDADE DE CRÉDITO DIRETO
05192316,411,0,VIA CERTA FINANCIADORA S.A. - CFI
15173776,412,0,SOCIAL BANK S/A
01858774,413,0,BCO BV S.A.
37526080,414,0,LEND SCD S.A.
19324634,416,0,LAMARA SCD S.A.
37414009,418,0,ZIPDIN SCD S.A.
38129006,419,0,NUMBRS SCD S.A.
39343350,421,1,CC LAR CREDI
58160789,422,1,BCO SAFRA S.A.
00460065,423,0,COLUNA S.A. DTVM
03881423,425,0,SOCINAL S.A. CFI
11285104,426,0,NEON FINANCEIRA - CFI S.A.
27302181,427,0,CRED-UFES
39664698,428,0,CREDSYSTEM SCD S.A.
05676026,429,0,CREDIARE CFI S.A.
00204963,430,0,CCR SEARA
44077014,433,0,BR-CAPITAL DTVM S.A.
38224857,435,1,DELCRED SCD S.A.
67030395,438,0,TRUSTEE DTVM LTDA.
16695922,439,0,ID CTVM
82096447,440,0,CREDIBRF COOP
87963450,442,0,MAGNETIS - DTVM
39416705,443,0,CREDIHOME SCD
40654622,444,0,TRINUS SCD S.A.
35551187,445,0,PLANTAE CFI
12392983,447,0,MIRAE ASSET CCTVM LTDA
39669186,448,0,HEMERA DTVM LTDA.
37555231,449,0,DM
13203354,450,0,FITBANK IP
40475846,451,0,J17 - SCD S/A
39676772,452,0,CREDIFIT SCD S.A.
41592532,454,0,MÉRITO DTVM LTDA.
38429045,455,0,FÊNIX DTVM LTDA.
60498557,456,1,BCO MUFG BRASIL S.A.
39587424,457,0,UY3 SCD S/A
07253654,458,0,HEDGE INVESTMENTS DTVM LTDA.
04546162,459,0,CCM SERV. PÚBLICOS SP
42047025,460,0,UNAVANTI SCD S/A
19540550,461,0,ASAAS IP S.A.
39908427,462,0,STARK SCD S.A.
40434681,463,0,AZUMI DTVM
60518222,464,0,BCO SUMITOMO MITSUI BRASIL S.A.
40083667,465,0,CAPITAL CONSIG SCD S.A.
33886862,467,0,MASTER S/A CCTVM
04862600,468,0,PORTOSEG S.A. CFI
07138049,469,0,LIGA INVEST DTVM LTDA.
18394228,470,0,CDC SCD S.A.
04831810,471,0,CECM SERV PUBL PINHÃO
33466988,473,0,BCO CAIXA GERAL BRASIL S.A.
10371492,475,0,BCO YAMAHA MOTOR S.A.
33042953,477,1,CITIBANK N.A.
11760553,478,0,GAZINCRED S.A. SCFI
60394079,479,0,BCO ITAUBANK S.A.
43599047,481,0,SUPERLÓGICA SCD S.A.
42259084,482,0,SBCASH SCD
36864992,484,0,MAF DTVM SA
62331228,487,1,DEUTSCHE BANK S.A.BCO ALEMAO
46518205,488,0,JPMORGAN CHASE BANK
44189447,495,0,BCO LA PROVINCIA B AIRES BCE
32062580,505,1,BCO CREDIT SUISSE S.A.
42066258,506,0,RJI
37229413,507,0,SCFI EFÍ S.A.
61384004,508,0,AVENUE SECURITIES DTVM LTDA.
13935893,509,0,CELCOIN IP S.A.
39738065,510,0,FFCRED SCD S.A.
44683140,511,1,MAGNUM SCD
36266751,512,0,FINVEST DTVM
44728700,513,0,ATF CREDIT SCD S.A.
36583700,516,0,QISTA S.A. CFI
37679449,518,0,MERCADO CRÉDITO SCFI S.A.
40768766,519,0,LIONS TRUST DTVM
44019481,521,0,PEAK SEP S.A.
47593544,522,0,RED SCD S.A.
44292580,523,0,HR DIGITAL SCD
45854066,524,0,WNT CAPITAL DTVM
34265629,525,0,INTERCAM CC LTDA
46026562,526,0,MONETARIE SCD
44478623,527,0,ATICCA SCD S.A.
34829992,528,0,REAG DTVM S.A.
17079937,529,0,PINBANK IP
47873449,530,0,SER FINANCE SCD S.A.
45745537,532,0,EAGLE SCD S.A.
00714671,534,0,EWALLY IP S.A.
39519944,535,0,MARU SCD S.A.
20855875,536,0,NEON PAGAMENTOS S.A. IP
45756448,537,0,MICROCASH SCMEPP LTDA.
00122327,539,0,SANTINVEST S.A. - CFI
00954288,541,0,FDO GARANTIDOR CRÉDITOS
17352220,545,0,SENSO CCVM S.A.
30980539,546,0,U4C INSTITUIÇÃO DE PAGAMENTO S.A.
59118133,600,1,BCO LUSO BRASILEIRO S.A.
31895683,604,1,BCO INDUSTRIAL DO BRASIL S.A.
78626983,610,1,BCO VR S.A.
61820817,611,1,BCO PAULISTA S.A.
31880826,612,1,BCO GUANABARA S.A.
60850229,613,1,OMNI BANCO S.A.
59285411,623,1,BANCO PAN
61348538,626,0,BCO C6 CONSIG
58497702,630,0,BCO LETSBANK S.A.
68900810,633,1,BCO RENDIMENTO S.A.
17351180,634,1,BCO TRIANGULO S.A.
60889128,637,1,BCO SOFISA S.A.
62144175,643,1,BCO PINE S.A.
61024352,653,0,BANCO VOITER
92874270,654,1,BCO DIGIMAIS S.A.
59588111,655,1,BCO VOTORANTIM S.A.
62232889,707,1,BCO DAYCOVAL S.A
78632767,712,0,BCO OURINVEST S.A.
80271455,720,0,BCO RNX S.A.
00558456,739,1,BCO CETELEM S.A.
00517645,741,1,BCO RIBEIRAO PRETO S.A.
00795423,743,1,BANCO SEMEAR
33479023,745,1,BCO CITIBANK S.A.
30723886,746,1,BCO MODAL S.A.
01023570,747,0,BCO RABOBANK INTL BRASIL S.A.
01181521,748,1,BCO COOPERATIVO SICREDI S.A.
29030467,751,0,SCOTIABANK BRASIL
01522368,752,1,BCO BNP PARIBAS BRASIL S A
74828799,753,1,NOVO BCO CONTINENTAL S.A. - BM
76543115,754,0,BANCO SISTEMA
62073200,755,1,BOFA MERRILL LYNCH BM S.A.
02038232,756,1,BANCO SICOOB S.A.
02318507,757,1,BCO KEB HANA DO BRASIL S.A.
